{
  "label": "cortex_score",
  "protocol": "balanced-train baseline + true-test, time-isolated test 2019-2020 (train 1991-2017, val 2018); raw_13d synced to the unified scoreboard (identical rows as NVIDIA)",
  "test_span": "2019-2020",
  "seeds": 1,
  "test": {
    "rows": 2034720,
    "fraud": 2068,
    "rate": 0.001016356058818904
  },
  "arms": {
    "raw_13d": {
      "auprc_mean": 0.1418,
      "auprc_std": 0.0,
      "f1_mean": 0.2568,
      "f1_std": 0.0
    },
    "cortex_score": {
      "auprc_mean": 0.9892701174428045,
      "auprc_std": 0.0,
      "f1_mean": 0.9594924353343094,
      "f1_std": 0.0
    }
  }
}
